﻿<parameters>
  <parameter name="IIS Web Application Name" defaultValue="Default Web Site/BudgetGuru_deploy" tags="IisApp">
    <parameterEntry kind="ProviderPath" scope="IisApp" match="^C:\\Users\\KEN\\documents\\visual\ studio\ 2010\\Projects\\BudgetGuru\\BudgetGuru\\obj\\Release\\Package\\PackageTmp$" />
    <parameterEntry kind="ProviderPath" scope="setAcl" match="^C:\\Users\\KEN\\documents\\visual\ studio\ 2010\\Projects\\BudgetGuru\\BudgetGuru\\obj\\Release\\Package\\PackageTmp$" />
  </parameter>
  <parameter name="ApplicationServices-Web.config Connection String" description="ApplicationServices Connection String used in web.config by the application to access the database." defaultValue="data source=.\SQLEXPRESS;Integrated Security=SSPI;AttachDBFilename=|DataDirectory|aspnetdb.mdf;User Instance=true" tags="SqlConnectionString">
    <parameterEntry kind="XmlFile" scope="C:\\Users\\KEN\\documents\\visual\ studio\ 2010\\Projects\\BudgetGuru\\BudgetGuru\\obj\\Release\\Package\\PackageTmp\\Web\.config$" match="/configuration/connectionStrings/add[@name='ApplicationServices']/@connectionString" />
  </parameter>
  <parameter name="BudgetGuruConnectionString-Web.config Connection String" description="BudgetGuruConnectionString Connection String used in web.config by the application to access the database." defaultValue="Data Source=DEV-PC\KENSPLAYGROUND;Initial Catalog=BudgetGuru;Integrated Security=True" tags="SqlConnectionString">
    <parameterEntry kind="XmlFile" scope="C:\\Users\\KEN\\documents\\visual\ studio\ 2010\\Projects\\BudgetGuru\\BudgetGuru\\obj\\Release\\Package\\PackageTmp\\Web\.config$" match="/configuration/connectionStrings/add[@name='BudgetGuruConnectionString']/@connectionString" />
  </parameter>
</parameters>